INSERT INTO PUBLIC.USER (USER_ID, USER_NAME, USER_SIRNAME, USER_NICK, USER_PASSWORD, USER_BIRTHDAY, USER_EMAIL, USER_INFO, USER_TEL) VALUES (1, '11', '111', '1111', '11111', '2015-08-10', '11', '11', '11');

INSERT INTO PUBLIC.USER (USER_ID, USER_NAME, USER_SIRNAME, USER_NICK, USER_PASSWORD, USER_BIRTHDAY, USER_EMAIL, USER_INFO, USER_TEL) VALUES (2, '22', '222', '2222', '22222', '2015-08-10', '22', '22', '22');

INSERT INTO PUBLIC.USER (USER_ID, USER_NAME, USER_SIRNAME, USER_NICK, USER_PASSWORD, USER_BIRTHDAY, USER_EMAIL, USER_INFO, USER_TEL) VALUES (3, '33', '333', '3333', '33333', '2015-08-10', '33', '33', '33');

INSERT INTO PUBLIC.ARTICLE (ARTICLE_ID, USER_ID, ARTICLE_TITLE, ARTICLE_CONTENT, ARTICLE_CREATED_AT, USER_ID_MODIFIED_BY) VALUES (1, 1, 'title','content', '2015-08-25 12:52:01', 1);

INSERT INTO PUBLIC.ARTICLE (ARTICLE_ID, USER_ID, ARTICLE_TITLE, ARTICLE_CONTENT, ARTICLE_CREATED_AT, USER_ID_MODIFIED_BY) VALUES (2, 2, 'title','content', '2015-08-25 12:52:01', 2);

INSERT INTO PUBLIC.ARTICLE (ARTICLE_ID, USER_ID, ARTICLE_TITLE, ARTICLE_CONTENT, ARTICLE_CREATED_AT, USER_ID_MODIFIED_BY) VALUES (3, 3, 'title','content', '2015-08-25 12:52:01', 3);

INSERT INTO PUBLIC.COMMENT (COMMENT_ID, USER_ID, COMMENT_CREATED_AT, COMMENT_MODIFIED_AT, USER_ID_MODIFIED_BY, CONTENT, ARTICLE_ID) VALUES (1, 1, '2015-08-25 12:52:01', null, 1, '111', 1);

INSERT INTO PUBLIC.COMMENT (COMMENT_ID, USER_ID, COMMENT_CREATED_AT, COMMENT_MODIFIED_AT, USER_ID_MODIFIED_BY, CONTENT, ARTICLE_ID) VALUES (2, 2, '2015-08-25 12:52:01', null, 2, '222', 2);

INSERT INTO PUBLIC.COMMENT (COMMENT_ID, USER_ID, COMMENT_CREATED_AT, COMMENT_MODIFIED_AT, USER_ID_MODIFIED_BY, CONTENT, ARTICLE_ID) VALUES (3, 2, '2015-08-25 12:52:01', null, 2, '333', 3);

INSERT INTO PUBLIC.TAG(TAG_ID, TAG_CONTENT) VALUES (1, 'asda');

INSERT INTO PUBLIC.TAG(TAG_ID, TAG_CONTENT) VALUES (2, 'aaaa');

INSERT INTO PUBLIC.TAG(TAG_ID, TAG_CONTENT) VALUES (3, 'bbb');

INSERT INTO PUBLIC.TAG_ARTICLE(TAG_ARTICLE_ID, ARTICLE_ID, TAG_ID) VALUES (1, 1, 1);

INSERT INTO PUBLIC.TAG_ARTICLE(TAG_ARTICLE_ID, ARTICLE_ID, TAG_ID) VALUES (2, 1, 2);

INSERT INTO PUBLIC.TAG_ARTICLE(TAG_ARTICLE_ID, ARTICLE_ID, TAG_ID) VALUES (3, 2, 3);